<?xml version="1.0" encoding="UTF-8"?>
<databaseChangeLog xmlns="http://www.liquibase.org/xml/ns/dbchangelog"
				   xmlns:xsi="http://www.w3.org/2001/XMLSchema-instance"
				   xsi:schemaLocation="http://www.liquibase.org/xml/ns/dbchangelog http://www.liquibase.org/xml/ns/dbchangelog/dbchangelog-3.1.xsd">

	<property name="blob_type" value="bytea" dbms="postgresql"/>
	<property name="blob_type" value="blob" dbms="h2"/>
	<property name="blob_type" value="blob" dbms="mysql,mariadb"/>
	<property name="blob_type" value="blob" dbms="mssql"/>

	<include file="changelogs/db.changelog-1.0.xml"/>
	<include file="changelogs/db.changelog-1.1.xml"/>
	<include file="changelogs/db.changelog-1.2.xml"/>
	<include file="changelogs/db.changelog-1.3.xml"/>
	<include file="changelogs/db.changelog-1.4.xml"/>
	<include file="changelogs/db.changelog-1.5.xml"/>
	<include file="changelogs/db.changelog-2.1.xml"/>
	<include file="changelogs/db.changelog-2.2.xml"/>
	<include file="changelogs/db.changelog-2.6.xml"/>
	<include file="changelogs/db.changelog-3.2.xml"/>

</databaseChangeLog> 