<?xml version="1.0" encoding="UTF-8" standalone="no"?>
<databaseChangeLog xmlns="http://www.liquibase.org/xml/ns/dbchangelog" xmlns:xsi="http://www.w3.org/2001/XMLSchema-instance"
	xsi:schemaLocation="http://www.liquibase.org/xml/ns/dbchangelog http://www.liquibase.org/xml/ns/dbchangelog/dbchangelog-3.1.xsd">

	<changeSet author="athou" id="change-entries-model">
		<dropTable tableName="FEED_FEEDENTRIES" />
		<delete tableName="FEEDENTRYSTATUSES"></delete>
		<delete tableName="FEEDENTRIES"></delete>
		<delete tableName="FEEDENTRYCONTENTS"></delete>

		<addColumn tableName="FEEDENTRIES">
			<column name="feed_id" type="BIGINT" defaultValue="1">
				<constraints nullable="false" />
			</column>
		</addColumn>
		<addForeignKeyConstraint constraintName="fk_feed_id" baseTableName="FEEDENTRIES" baseColumnNames="feed_id"
			referencedTableName="FEEDS" referencedColumnNames="id" />
		<createIndex tableName="FEEDENTRIES" indexName="feed_updated_index">
			<column name="feed_id" />
			<column name="updated" />
		</createIndex>
	</changeSet>

	<changeSet author="athou" id="add-content-hashes">
		<addColumn tableName="FEEDENTRYCONTENTS">
			<column name="author" type="VARCHAR(128)" />
			<column name="contentHash" type="VARCHAR(40)" />
		</addColumn>
		<createIndex tableName="FEEDENTRYCONTENTS" indexName="content_hash_index">
			<column name="contentHash" />
		</createIndex>
		<dropColumn tableName="FEEDENTRIES" columnName="author" />
	</changeSet>

	<changeSet author="athou" id="add-new-index">
		<createIndex tableName="FEEDENTRYSTATUSES" indexName="user_entry_index">
			<column name="user_id" />
			<column name="entry_id" />
		</createIndex>
	</changeSet>

	<changeSet author="athou" id="drop-old-index">
		<dropIndex tableName="FEEDENTRYSTATUSES" indexName="sub_entry_index" />
	</changeSet>

	<changeSet author="athou" id="force-feed-refresh">
		<validCheckSum>7:9bf9357b47d8666dc7916f9a318138ad</validCheckSum>
		<validCheckSum>7:625f651e4c4d8e0aa9576da291baf6a4</validCheckSum>
		<update tableName="FEEDS">
			<column name="lastUpdated" valueComputed="null"></column>
			<column name="lastPublishedDate" valueComputed="null"></column>
			<column name="lastEntryDate" valueComputed="null"></column>
			<column name="lastUpdateSuccess" valueComputed="null"></column>
			<column name="message" valueComputed="null"></column>
			<column name="errorCount" valueNumeric="0"></column>
			<column name="disabledUntil" valueComputed="null"></column>
			<column name="lastModifiedHeader" valueComputed="null"></column>
			<column name="etagHeader" valueComputed="null"></column>
			<column name="averageEntryInterval" valueNumeric="null"></column>
			<column name="lastContentHash" valueComputed="null"></column>
		</update>
	</changeSet>

	<changeSet author="athou" id="revamp-status-indexes">
		<createIndex tableName="FEEDENTRYSTATUSES" indexName="user_starred_updated">
			<column name="user_id"></column>
			<column name="starred"></column>
			<column name="entryUpdated"></column>
		</createIndex>

		<createIndex tableName="FEEDENTRYSTATUSES" indexName="sub_index">
			<column name="subscription_id"></column>
		</createIndex>

		<dropIndex tableName="FEEDENTRYSTATUSES" indexName="sub_read_updated_index" />
		<dropIndex tableName="FEEDENTRYSTATUSES" indexName="user_read_updated_index" />
		<dropIndex tableName="FEEDENTRYSTATUSES" indexName="user_read_sub_index" />
		<dropIndex tableName="FEEDENTRYSTATUSES" indexName="user_entry_index" />
	</changeSet>

	<changeSet author="athou" id="revamp-entries-indexes">
		<dropIndex tableName="FEEDENTRIES" indexName="updated_index" />
		<dropIndex tableName="FEEDENTRIES" indexName="inserted_index" />
	</changeSet>

	<changeSet author="athou" id="add-starred-index-for-cleanup">
		<createIndex tableName="FEEDENTRYSTATUSES" indexName="insterted_starred_index">
			<column name="entryInserted"></column>
			<column name="starred"></column>
		</createIndex>
	</changeSet>

	<changeSet author="athou" id="add-title-hashes">
		<addColumn tableName="FEEDENTRYCONTENTS">
			<column name="titleHash" type="VARCHAR(40)" />
		</addColumn>
		<createIndex tableName="FEEDENTRYCONTENTS" indexName="content_title_index">
			<column name="contentHash" />
			<column name="titleHash" />
		</createIndex>
		<dropIndex tableName="FEEDENTRYCONTENTS" indexName="content_hash_index" />
	</changeSet>

	<changeSet author="athou" id="drop-last-update-success">
		<dropIndex tableName="FEEDS" indexName="disabled_lastupdated_index" />
		<dropIndex tableName="FEEDS" indexName="lastupdated_index" />
		<dropColumn tableName="FEEDS" columnName="lastUpdateSuccess" />
	</changeSet>

	<changeSet author="athou" id="drop-url-hash">
		<dropIndex tableName="FEEDS" indexName="urlHash_index" />
		<dropColumn tableName="FEEDS" columnName="urlHash" />
	</changeSet>

	<changeSet author="athou" id="create-guid-feed-index">
		<createIndex tableName="FEEDENTRIES" indexName="guidHash_feed_index">
			<column name="guidHash" />
			<column name="feed_id" />
		</createIndex>
		<dropIndex tableName="FEEDENTRIES" indexName="guidHash_index" />
	</changeSet>

	<changeSet author="athou" id="refresh-interval-setting">
		<addColumn tableName="APPLICATIONSETTINGS">
			<column name="refreshIntervalMinutes" type="INT"></column>
		</addColumn>
		<update tableName="APPLICATIONSETTINGS">
			<column name="refreshIntervalMinutes" valueNumeric="5"></column>
		</update>
	</changeSet>

	<changeSet author="athou" id="add-last-login-index">
		<createIndex tableName="USERS" indexName="lastlogin_index">
			<column name="lastLogin" />
		</createIndex>
	</changeSet>

	<changeSet author="athou" id="enforce-status-uniqueness">
		<createIndex tableName="FEEDENTRYSTATUSES" indexName="entry_subscription_id" unique="true">
			<column name="entry_id" />
			<column name="subscription_id" />
		</createIndex>
	</changeSet>

	<changeSet author="athou" id="drop-previous-index">
		<preConditions onFail="MARK_RAN" onFailMessage="no index, skipping">
			<indexExists tableName="FEEDENTRYSTATUSES" indexName="FKD6DCE994F46A5555" />
		</preConditions>
		<dropIndex tableName="FEEDENTRYSTATUSES" indexName="FKD6DCE994F46A5555" />
	</changeSet>

</databaseChangeLog>
