<?xml version="1.0" encoding="UTF-8" standalone="no"?>
<databaseChangeLog xmlns="http://www.liquibase.org/xml/ns/dbchangelog"
				   xmlns:xsi="http://www.w3.org/2001/XMLSchema-instance"
				   xsi:schemaLocation="http://www.liquibase.org/xml/ns/dbchangelog http://www.liquibase.org/xml/ns/dbchangelog/dbchangelog-3.1.xsd">


	<changeSet id="delete-removed-settings" author="athou">
		<dropColumn tableName="USERSETTINGS" columnName="theme" />
		<dropColumn tableName="USERSETTINGS" columnName="viewMode" />
	</changeSet>

	<changeSet id="add-customjs-column" author="athou">
		<addColumn tableName="USERSETTINGS">
			<column name="customJs" type="CLOB" />
		</addColumn>
	</changeSet>

</databaseChangeLog>
